Top queries,Last 3 months Clicks,Previous 3 months Clicks,Last 3 months Impressions,Previous 3 months Impressions,Last 3 months CTR,Previous 3 months CTR,Last 3 months Position,Previous 3 months Position,CTR Drop,Low CTR High Pos,Click Down While Impr Up,Needs Optimization
13 bagian mata dan fungsinya,1404,2682,3828,6211,0.3668,0.4318,1.0,1.0,True,False,False,True
bagian mata dan fungsinya,400,293,21289,17037,0.018799999999999997,0.0172,2.06,3.97,False,True,False,True
cara mengobati mata merah sebelah secara alami,342,689,6949,8771,0.0492,0.0786,3.02,1.88,True,False,False,True
operasi lasik mata gratis,276,375,2013,2143,0.1371,0.175,1.1,1.08,True,False,False,True
fungsi bagian mata,192,197,10525,8274,0.0182,0.023799999999999998,2.79,5.55,True,True,True,True
mata kuning kenapa,183,149,25110,17229,0.0073,0.0086,6.41,8.48,True,False,False,True
dokter mata terbaik di surabaya,112,115,874,840,0.1281,0.1369,2.2,2.36,False,False,True,True
double eyelid,107,140,8151,9469,0.0131,0.0148,1.83,2.83,True,True,False,True
obat paling ampuh buat sakit mata kena las listrik secara alami,99,135,5324,6064,0.018600000000000002,0.0223,4.28,3.86,True,False,False,True
10 bagian mata dan fungsinya,91,318,972,1298,0.09359999999999999,0.245,1.46,1.43,True,False,False,True
mata besar sebelah,84,155,4068,4277,0.0206,0.0362,1.99,2.38,True,False,False,True
obat katarak tanpa operasi,73,61,4417,3231,0.0165,0.0189,5.31,6.27,True,False,False,True
mata berlendir,73,158,926,1267,0.0788,0.1247,1.33,1.32,True,False,False,True
national eye center jakarta,71,72,183,179,0.38799999999999996,0.4022,1.57,1.93,False,False,True,True
daun kitolod,70,92,9711,8246,0.0072,0.011200000000000002,2.65,1.92,True,True,True,True
kenapa mata besar sebelah,70,76,1969,1826,0.0356,0.0416,2.49,2.88,True,False,True,True
ortho k,69,86,4557,4185,0.0151,0.020499999999999997,6.43,5.48,True,False,True,True
gambar mata dan bagiannya,68,36,5900,7626,0.0115,0.004699999999999999,1.24,3.06,False,True,False,True
mata monolid,66,77,10059,11047,0.0066,0.006999999999999999,2.81,2.37,False,True,False,True
kilatan cahaya di samping mata,66,71,1422,1385,0.0464,0.0513,2.16,1.96,False,False,True,True
konsultasi dokter mata gratis,65,61,690,544,0.0942,0.1121,2.66,2.32,True,False,False,True
bagian mata,64,79,33628,32617,0.0019,0.0024,7.29,6.66,True,False,True,True
mata merah dan belekan,62,101,7516,8746,0.008199999999999999,0.0115,4.92,3.95,True,False,False,True
obat mata kena las,62,137,2182,2272,0.028399999999999998,0.0603,3.13,2.58,True,False,False,True
buta warna,61,9,21644,4964,0.0028000000000000004,0.0018,2.16,4.12,False,True,False,True
daun katarak,59,134,5528,5219,0.010700000000000001,0.025699999999999997,3.02,1.94,True,False,True,True
dokter mata surabaya,59,75,3142,2775,0.018799999999999997,0.027000000000000003,4.94,4.96,True,False,True,True
tahi lalat di mata,59,79,2350,2132,0.025099999999999997,0.0371,1.67,1.55,True,False,True,True
cara mengatasi kilatan cahaya di mata,59,118,947,1347,0.0623,0.0876,1.88,1.76,True,False,False,True
obat mata bengkak,58,39,18976,10892,0.0031,0.0036,10.68,11.16,True,False,False,True
mata katarak sembuh tanpa operasi,51,68,2676,2159,0.0191,0.0315,5.64,4.14,True,False,True,True
tanda operasi katarak gagal,50,170,5033,4695,0.009899999999999999,0.0362,5.36,3.41,True,False,True,True
cara menghilangkan lendir di mata secara alami,50,91,931,1140,0.0537,0.07980000000000001,1.67,2.04,True,False,False,True
daun kitolod untuk mata,49,86,2324,2127,0.021099999999999997,0.0404,2.83,3.36,True,False,True,True
cara mengatasi kelopak mata turun sebelah secara alami,49,94,760,867,0.0645,0.1084,1.35,1.3,True,False,False,True
daun obat mata buram,48,62,1617,1548,0.0297,0.0401,4.48,1.91,True,False,True,True
bagian bagian mata,47,114,30173,30496,0.0016,0.0037,7.36,6.64,True,False,False,True
rumah sakit mata terbaik di surabaya,47,48,1317,1121,0.035699999999999996,0.042800000000000005,3.23,3.24,True,False,True,True
cara mengatasi mata kena las,47,61,726,653,0.0647,0.0934,1.66,1.55,True,False,True,True
berapa lama sakit mata karena las,46,78,955,1101,0.0482,0.0708,1.53,1.56,True,False,False,True
bunga kitolod untuk mata minus,45,68,735,784,0.061200000000000004,0.0867,2.84,3.44,True,False,False,True
bagian-bagian mata dan fungsinya,44,62,5231,3323,0.0084,0.0187,2.47,4.85,True,True,True,True
bodrex untuk sakit mata karena las,43,64,4552,4638,0.009399999999999999,0.0138,5.78,7.01,True,False,False,True
mata sebelah kanan sakit nyut-nyutan,43,77,1084,1388,0.0397,0.0555,1.6,1.37,True,False,False,True
kornea mata,41,51,27771,23933,0.0015,0.0021,2.18,2.36,True,True,True,True
sakit mata karena las,41,69,410,276,0.1,0.25,1.69,1.24,True,False,True,True
national eye center harga,41,26,185,96,0.2216,0.2708,1.11,1.24,True,False,False,True
obat herbal mata merah,40,58,773,852,0.051699999999999996,0.0681,4.11,4.6,True,False,False,True
mata berlendir kenapa,40,64,473,347,0.08460000000000001,0.1844,1.37,1.34,True,False,True,True
mata sakit karena las,39,85,435,381,0.0897,0.2231,1.5,1.27,True,False,True,True
kornea,38,32,19989,17769,0.0019,0.0018,2.23,2.16,False,True,False,True
eyelid adalah,38,44,4426,4224,0.0086,0.0104,3.2,3.59,True,False,True,True
berapa lama mata bengkak setelah menangis,38,62,3018,2731,0.0126,0.0227,2.91,2.51,True,False,True,True
obat mata herbal,38,21,1784,550,0.0213,0.0382,6.74,8.42,True,False,False,True
obat sakit mata karena las,38,91,1611,1616,0.0236,0.056299999999999996,3.84,2.32,True,False,False,True
cara mengobati mata kena las,38,67,565,613,0.0673,0.1093,1.79,1.51,True,False,False,True
mata bengkak sebelah,37,46,9100,8992,0.0040999999999999995,0.0051,7.93,9.17,True,False,True,True
cara menghilangkan mata kuning,35,55,2859,2231,0.012199999999999999,0.024700000000000003,3.34,3.56,True,False,True,True
cara mengobati katarak tanpa operasi,35,43,1112,1194,0.0315,0.036000000000000004,4.53,4.05,True,False,False,True
mata kena las,34,57,928,998,0.0366,0.0571,2.54,2.41,True,False,False,True
dr muhammad irsan spm,34,39,86,87,0.3953,0.4483,2.78,3.67,True,False,False,True
vr,33,15,17765,3131,0.0019,0.0048,3.99,2.14,True,False,False,True
obat mata katarak,33,34,5759,4814,0.005699999999999999,0.0070999999999999995,6.98,5.82,True,False,True,True
penyebab mata kuning pada orang dewasa,33,17,3160,1225,0.0104,0.0139,7.98,10.01,True,False,False,True
jenis warna mata,33,41,753,780,0.0438,0.0526,1.71,2.34,True,False,False,True
pengobatan katarak tanpa operasi,33,44,653,611,0.050499999999999996,0.07200000000000001,3.83,4.74,True,False,True,True
lasik gratis,33,53,110,146,0.3,0.363,1.42,1.73,True,False,False,True
fungsi kornea,32,10,15075,25005,0.0021,0.0004,2.91,1.74,False,True,False,True
cara memutihkan mata kuning,32,62,3919,2043,0.008199999999999999,0.030299999999999997,4.95,5.4,True,False,True,True
mata kena cabai,31,40,330,230,0.09390000000000001,0.1739,1.43,1.27,True,False,True,True
perbedaan femto lasik dan relex smile,30,37,306,170,0.098,0.21760000000000002,1.06,1.09,True,False,True,True
gambar mata,29,34,7325,7751,0.004,0.0044,1.19,1.28,False,True,False,True
cara menyembuhkan mata kuning,29,73,5200,3589,0.005600000000000001,0.0203,4.75,5.3,True,False,True,True
macam macam warna mata,29,62,560,581,0.0518,0.1067,1.76,1.95,True,False,False,True
penyebab mata berlendir,29,50,234,272,0.12390000000000001,0.1838,1.4,1.42,True,False,False,True
cek buta warna,28,14,4947,1407,0.005699999999999999,0.01,1.29,1.36,True,False,False,True
mata merah,27,21,44267,8796,0.0006,0.0024,11.8,4.0,True,False,False,True
ciri ciri mata minus,27,46,17823,18278,0.0015,0.0025,8.52,7.01,True,False,False,True
penyebab glaukoma pada remaja,27,16,427,68,0.0632,0.2353,1.85,2.97,True,False,False,True
luka di kelopak mata bagian dalam,27,41,303,316,0.0891,0.1297,1.97,1.96,True,False,False,True
lensa mata,26,33,16065,14769,0.0016,0.0022,1.95,1.21,True,True,True,True
mata perih dan berair,26,27,3129,2729,0.0083,0.009899999999999999,4.67,6.23,True,False,True,True
mata kuning karena hp,26,61,1758,2013,0.0148,0.030299999999999997,2.13,2.16,True,False,False,True
daun katarak untuk mata,26,30,1017,574,0.0256,0.052300000000000006,2.31,4.02,True,False,True,True
national eye centre,26,27,124,87,0.2097,0.3103,8.87,5.16,True,False,True,True
kantung mata kendur,25,48,3649,3109,0.0069,0.0154,3.91,3.25,True,False,True,True
anisometropia,25,29,2393,1786,0.0104,0.016200000000000003,5.44,3.98,True,False,True,True
daun obat mata,25,64,1302,1292,0.0192,0.0495,3.18,1.01,True,False,True,True
bagian bagian mata dan fungsinya beserta gambarnya,25,23,654,517,0.0382,0.044500000000000005,1.07,1.95,True,False,False,True
kornea mata luka bisa sembuh,25,37,488,480,0.0512,0.0771,2.55,2.74,True,False,True,True
klinik mata terbaik di surabaya,25,23,290,227,0.0862,0.1013,2.17,2.61,True,False,False,True
biaya lasik mata,24,39,13939,13198,0.0017000000000000001,0.003,2.27,1.95,True,True,True,True
obat sakit mata bengkak,24,19,11439,5178,0.0021,0.0037,11.73,12.2,True,False,False,True
operasi kantung mata,24,31,2615,2909,0.0092,0.010700000000000001,8.06,6.73,True,False,False,True
warna mata manusia,24,29,564,569,0.0426,0.051,2.07,2.8,True,False,False,True
mata perih setelah ngelas,24,44,329,389,0.0729,0.1131,1.84,1.87,True,False,False,True
lasik untuk mata plus,24,19,181,99,0.1326,0.19190000000000002,1.57,2.2,True,False,False,True
mata bayi belekan,23,31,8790,9045,0.0026,0.0034000000000000002,9.18,8.06,True,False,False,True
obat mata belekan alami,23,15,5152,198,0.0045000000000000005,0.0758,4.36,4.12,True,False,False,True
pingueculitis,23,26,2644,1441,0.0087,0.018000000000000002,53.07,38.81,True,False,True,True
mata kena las obatnya apa,23,17,650,351,0.0354,0.0484,2.11,1.9,True,False,False,True
dokter mata anak surabaya,23,33,549,510,0.04190000000000001,0.0647,5.98,4.95,True,False,True,True
cara mengobati mata terkena sinar las,23,29,293,256,0.0785,0.1133,2.06,2.13,True,False,True,True
ortho k surabaya,23,21,255,71,0.0902,0.2958,2.24,2.58,True,False,False,True
jenis astigmatisme,23,27,151,113,0.1523,0.2389,1.39,1.44,True,False,True,True
cara mengatasi mata kuning,22,93,3185,2471,0.0069,0.037599999999999995,3.26,2.45,True,False,True,True
apakah katarak bisa sembuh tanpa operasi,22,40,2294,2195,0.0096,0.0182,5.94,5.53,True,False,True,True
tanaman herbal untuk mata kabur,22,22,1348,926,0.0163,0.023799999999999998,4.02,3.89,True,False,False,True
ortho k harga,22,31,1038,884,0.0212,0.0351,1.62,1.24,True,False,True,True
daun untuk obat mata kabur,22,36,783,824,0.0281,0.0437,4.28,2.04,True,False,False,True
biaya lasik mata di surabaya,22,38,549,298,0.0401,0.1275,1.47,1.39,True,False,True,True
katarak komplikata adalah,22,28,355,263,0.062,0.1065,1.48,1.7,True,False,True,True
konsultasi mata gratis,22,14,102,42,0.2157,0.3333,2.04,2.02,True,False,False,True
obat tetes mata untuk mata merah karena las,21,31,1110,1085,0.0189,0.0286,4.49,3.47,True,False,True,True
cara mengatasi mata sakit karena las,21,20,269,199,0.0781,0.1005,1.35,1.58,True,False,False,True
mata merah berlendir,21,44,114,199,0.18420000000000003,0.2211,1.16,1.28,True,False,False,True
cara memakai bunga kitolod untuk mata,20,21,1772,1613,0.0113,0.013000000000000001,8.19,7.3,True,False,True,True
penyebab kantung mata kendur,20,30,1515,1344,0.0132,0.0223,3.47,4.0,True,False,True,True
harga ortho k,20,36,1136,1067,0.0176,0.0337,1.51,1.31,True,False,True,True
lasik mata surabaya,20,19,1131,598,0.0177,0.0318,3.26,3.87,True,False,False,True
organ mata dan fungsinya,20,33,1052,1004,0.019,0.0329,2.33,4.67,True,False,True,True
cara mengatasi pusing saat memakai kacamata,20,34,419,483,0.04769999999999999,0.0704,1.44,2.29,True,False,False,True
cara mengatasi mata perih akibat las,20,39,320,450,0.0625,0.0867,1.33,1.28,True,False,False,True
daun katarak untuk mata minus,20,50,166,366,0.12050000000000001,0.1366,3.86,3.89,True,False,False,True
jenis jenis astigmatisme,20,12,54,27,0.3704,0.44439999999999996,1.37,2.19,True,False,False,True
iris mata,19,21,12166,11636,0.0016,0.0018,1.91,1.56,True,True,True,True
cara membersihkan mata kuning,19,36,1155,1107,0.0165,0.0325,2.77,1.83,True,False,True,True
ortho k therapy,19,30,479,552,0.0397,0.054299999999999994,17.3,17.12,True,False,False,True
mata terkena las,19,31,288,261,0.066,0.1188,1.84,2.19,True,False,True,True
mata perih karena las,19,25,278,167,0.0683,0.1497,2.8,1.93,True,False,True,True
mata sakit akibat las,19,36,93,144,0.2043,0.25,1.45,1.44,True,False,False,True
harga lasik mata,18,17,12088,9914,0.0015,0.0017000000000000001,4.35,7.51,True,False,False,True
cara menghilangkan mata panda dengan cepat,18,33,10946,9047,0.0016,0.0036,5.68,3.66,True,False,True,True
monolid,18,17,5267,6010,0.0034000000000000002,0.0028000000000000004,2.58,4.11,False,True,False,True
sakit mata belekan,18,31,3522,4272,0.0051,0.0073,6.28,5.68,True,False,False,True
cara mengatasi mata kelilipan yang susah keluar,18,31,2581,2661,0.006999999999999999,0.0116,7.47,5.48,True,False,False,True
tanaman obat mata,18,37,1392,1270,0.0129,0.0291,4.01,1.1,True,False,True,True
gambar mata katarak parah,18,19,1030,796,0.0175,0.0239,3.94,3.67,True,False,True,True
bagian bagian mata beserta fungsinya,18,35,669,1046,0.0269,0.0335,2.26,5.25,True,False,False,True
mata sering ngantuk dan lelah,18,7,278,76,0.0647,0.09210000000000002,1.6,4.08,True,False,False,True
bagian mata dan fungsinya lengkap,18,3,144,12,0.125,0.25,2.29,2.42,True,False,False,True
pijat untuk mata buram,18,12,65,30,0.27690000000000003,0.4,1.42,2.6,True,False,False,True
obat mata herbal paling ampuh,17,3,1646,73,0.0103,0.041100000000000005,7.76,3.42,True,False,False,True
cara mengobati pembuluh darah mata pecah secara alami,17,27,1413,1633,0.012,0.0165,4.33,3.64,True,False,False,True
obat herbal untuk mata,17,20,911,886,0.0187,0.0226,6.27,8.36,True,False,True,True
efek mata terkena gram besi,17,42,785,1013,0.0217,0.0415,3.04,3.88,True,False,False,True
bahaya mata silinder,17,28,781,962,0.0218,0.0291,2.35,2.11,True,False,False,True
operasi lasik gagal,17,32,750,816,0.0227,0.0392,2.05,1.85,True,False,False,True
jenis kelopak mata,17,26,583,598,0.0292,0.0435,1.46,1.0,True,False,False,True
anatomi lensa mata,17,15,408,198,0.0417,0.0758,1.03,1.04,True,False,False,True
lendir mata seperti benang,17,18,265,246,0.0642,0.0732,1.93,2.39,True,False,True,True
kotoran mata seperti lendir,17,41,203,291,0.0837,0.1409,1.66,1.82,True,False,False,True
mata sakit habis ngelas,17,21,198,219,0.0859,0.0959,2.34,3.01,True,False,False,True
fungsi mata,16,43,7844,9019,0.002,0.0048,4.26,4.24,True,False,False,True
cara mengatasi mata kelilipan,16,32,5396,5201,0.003,0.0062,7.29,6.12,True,False,True,True
gurah mata,16,39,2538,2944,0.0063,0.0132,5.17,5.79,True,False,False,True
manfaat bunga kitolod,16,24,1988,1089,0.008,0.022000000000000002,8.42,8.78,True,False,True,True
klinik mata surabaya,16,28,1329,1240,0.012,0.0226,7.04,7.71,True,False,True,True
mata merah bengkak dan belekan,16,26,994,1223,0.0161,0.0213,5.77,4.29,True,False,False,True
low vision both eyes,16,20,770,700,0.0208,0.0286,3.73,3.86,True,False,True,True
fungsi organ mata,16,25,659,677,0.024300000000000002,0.0369,3.33,5.94,True,False,False,True
obat sakit mata habis ngelas,16,18,438,341,0.0365,0.0528,2.08,2.71,True,False,True,True
titik refleksi mata buram,16,18,310,303,0.0516,0.0594,1.56,1.82,True,False,True,True
operasi lasik mata gratis 2024,16,92,300,694,0.0533,0.1326,1.23,1.16,True,False,False,True
relex smile gagal,16,30,285,329,0.056100000000000004,0.09119999999999999,3.22,2.34,True,False,False,True
rumah sakit mata surabaya terbaik,16,20,192,123,0.0833,0.16260000000000002,4.04,3.69,True,False,True,True
bluecromic,15,1,6834,713,0.0022,0.0014000000000000002,2.87,3.1,False,True,False,True
mata berair dan belekan,15,23,2530,3147,0.0059,0.0073,5.28,4.17,True,False,False,True
mata belekan dan merah,15,27,2043,2692,0.0073,0.01,5.33,5.2,True,False,False,True
biaya lasik mata bpjs,15,23,1804,1833,0.0083,0.0125,4.04,3.5,True,False,False,True
fungsi fungsi bagian mata,15,22,1358,1441,0.011000000000000001,0.015300000000000001,2.54,5.57,True,False,False,True
cara menghilangkan gram di mata secara alami,15,2,968,113,0.0155,0.0177,7.43,10.12,True,False,False,True
mata besar sebelah karena apa,15,9,644,179,0.0233,0.050300000000000004,3.45,2.66,True,False,False,True
bagian2 mata dan fungsinya,15,13,524,385,0.0286,0.0338,2.14,5.72,True,False,False,True
apakah retina mata bisa disembuhkan,15,17,442,388,0.0339,0.0438,3.52,3.95,True,False,True,True
harga lasik mata surabaya,15,24,421,258,0.0356,0.09300000000000001,1.89,2.16,True,False,True,True
durasi penggunaan gadget menurut who,15,19,356,337,0.0421,0.0564,3.28,6.09,True,False,True,True
penyebab mata berair dan pandangan kabur,15,33,294,383,0.051,0.0862,2.3,2.27,True,False,False,True
cara mengatasi mata kena cabai,15,15,220,195,0.0682,0.07690000000000001,1.64,1.58,True,False,False,True
mata terkena cabai,15,28,146,153,0.1027,0.183,1.26,1.25,True,False,False,True
dr harka prasetya,15,11,119,74,0.1261,0.14859999999999998,3.63,4.55,True,False,False,True
bagian-bagian mata,14,18,9759,7594,0.0014000000000000002,0.0024,7.36,6.67,True,False,True,True
lasik mata harga,14,10,7039,5536,0.002,0.0018,2.37,2.96,False,True,False,True
tekanan bola mata tinggi,14,19,2791,2768,0.005,0.0069,6.78,6.35,True,False,True,True
bunga katarak untuk mata,14,10,1989,959,0.006999999999999999,0.0104,5.23,8.03,True,False,False,True
sebutkan bagian-bagian mata dan fungsinya,14,21,1172,1119,0.011899999999999999,0.018799999999999997,3.57,5.4,True,False,True,True
cara mengatasi mata anak berkedip kedip karena hp,14,4,1055,211,0.013300000000000001,0.019,8.04,3.76,True,False,False,True
mata minus paling tinggi berapa,14,18,901,889,0.0155,0.0202,4.65,4.01,True,False,True,True
lasik surabaya,14,26,766,703,0.0183,0.037000000000000005,4.69,4.99,True,False,True,True
tumbuhan obat mata,14,20,760,804,0.0184,0.024900000000000002,3.56,3.57,True,False,False,True
kotoran mata seperti benang,14,36,747,886,0.0187,0.0406,3.32,2.45,True,False,False,True
mata rasa berpasir,14,25,665,715,0.021099999999999997,0.035,5.19,6.26,True,False,False,True
obat tetes mata katarak tanpa operasi,14,15,597,575,0.0235,0.026099999999999998,7.33,5.7,False,False,True,True
dr mata surabaya,14,21,511,475,0.0274,0.044199999999999996,4.55,5.05,True,False,True,True
cara mengobati mata yang kena las,14,20,279,229,0.050199999999999995,0.0873,1.68,1.68,True,False,True,True
cara mengatasi mata perih karena las,14,29,261,304,0.0536,0.09539999999999998,1.53,1.4,True,False,False,True
cara menghilangkan bintik hitam di mata,14,26,218,298,0.0642,0.0872,3.06,2.96,True,False,False,True
ciri ciri kornea mata tipis,14,31,148,276,0.0946,0.11230000000000001,1.86,2.14,True,False,False,True
mengobati mata kena las,14,17,91,64,0.15380000000000002,0.2656,1.68,1.72,True,False,True,True
mata sakit kena cahaya las,14,17,61,48,0.22949999999999998,0.3542,1.34,1.44,True,False,True,True
low vision adalah,13,14,5226,4245,0.0025,0.0033,7.59,7.57,True,False,True,True
obat sakit mata anak tradisional,13,15,3623,3484,0.0036,0.0043,9.49,10.28,True,False,True,True
anatomi mata dan fungsinya,13,15,1527,791,0.0085,0.019,8.69,7.38,True,False,True,True
masker mata alami,13,26,913,876,0.014199999999999999,0.0297,2.58,2.78,True,False,True,True
obat mata habis ngelas,13,34,606,585,0.0215,0.0581,3.58,3.29,True,False,True,True
organ mata manusia,13,16,408,257,0.0319,0.0623,1.2,1.47,True,False,True,True
anatomi kornea,13,14,298,260,0.0436,0.0538,1.39,1.53,True,False,True,True
dokter spesialis mata surabaya,13,15,298,306,0.0436,0.049,4.86,4.65,True,False,False,True
syarat lasik mata minus,13,20,235,290,0.0553,0.069,2.13,1.8,True,False,False,True
jenis jenis warna mata,13,21,211,244,0.0616,0.0861,1.56,2.14,True,False,False,True
cara mengobati mata kena asap las,13,16,190,204,0.0684,0.0784,2.12,1.87,True,False,False,True
sakit mata akibat las,13,48,135,173,0.09630000000000001,0.2775,1.56,1.34,True,False,False,True
mata perih habis ngelas,13,13,125,96,0.10400000000000001,0.1354,1.6,1.91,True,False,False,True
cara mengobati kelopak mata turun sebelah,13,20,109,125,0.1193,0.16,1.39,1.32,True,False,False,True
cara mengatasi kelopak mata turun sebelah,13,9,94,33,0.1383,0.2727,1.23,1.36,True,False,False,True
nec mata,13,6,87,27,0.1494,0.22219999999999998,1.33,1.52,True,False,False,True
cara mengobati mata akibat las,13,17,64,51,0.20309999999999997,0.3333,1.42,1.53,True,False,True,True
obat alami untuk mata merah dan gatal,13,7,35,11,0.3714,0.6364,1.49,1.73,True,False,False,True
lasik mata,12,28,21803,20629,0.0006,0.0014000000000000002,8.1,6.22,True,False,True,True
mata cekung,12,18,10532,11104,0.0011,0.0016,6.88,6.24,True,False,False,True
bunga katarak,12,22,7471,4509,0.0016,0.0049,7.46,8.11,True,False,True,True
klinik mata terdekat,12,17,5960,7029,0.002,0.0024,7.36,6.19,True,False,False,True
obat mata minus alami,12,11,2028,1621,0.0059,0.0068000000000000005,8.19,10.28,True,False,False,True
bunga putih untuk mata,12,11,1644,1164,0.0073,0.0095,3.84,4.61,True,False,False,True
cara mengobati mata merah pada anak secara alami,12,33,1445,1778,0.0083,0.018600000000000002,6.29,5.74,True,False,False,True
tes mata mcu,12,8,556,298,0.0216,0.0268,1.01,1.01,True,False,False,True
biaya terapi ortho k,12,17,542,499,0.022099999999999998,0.0341,1.43,1.17,True,False,True,True
obat mata karena las,12,62,484,499,0.0248,0.1242,3.71,2.31,True,False,False,True
femto lasik vs relex smile,12,26,428,325,0.027999999999999997,0.08,28.48,17.2,True,False,True,True
cara menyembuhkan katarak tanpa operasi,12,17,399,418,0.0301,0.0407,4.33,5.09,True,False,False,True
obat sakit mata akibat las,12,28,335,383,0.0358,0.0731,3.41,2.29,True,False,False,True
ortho k bpjs,12,31,328,350,0.0366,0.0886,1.87,2.0,True,False,False,True
ruptur kornea,12,20,260,305,0.0462,0.06559999999999999,1.52,1.58,True,False,False,True
cara mengatasi mata terkena cahaya las,12,35,257,248,0.0467,0.1411,1.57,1.78,True,False,True,True
tabel bagian mata dan fungsinya,12,30,201,198,0.059699999999999996,0.1515,1.12,1.82,True,False,True,True
cara mengatasi mata sakit akibat las,12,31,192,431,0.0625,0.0719,1.33,1.36,True,False,False,True
mata kena cahaya las,12,19,153,156,0.0784,0.12179999999999999,1.78,1.99,True,False,False,True
bagaimana jika operasi katarak gagal,12,15,147,75,0.0816,0.2,3.43,2.11,True,False,True,True
cara mengobati mata perih akibat las,12,8,132,73,0.0909,0.1096,1.52,1.41,True,False,False,True
fotokoagulasi laser,12,11,111,87,0.1081,0.1264,2.07,1.95,True,False,False,True
cicilan lasik mata,12,14,73,53,0.16440000000000002,0.2642,2.47,1.96,True,False,True,True
harga lasik di national eye center,12,3,37,4,0.3243,0.75,1.03,1.0,True,False,False,True
floaters adalah,11,29,3421,5983,0.0032,0.0048,4.64,2.89,True,False,False,True
anisometropia adalah,11,23,2281,2122,0.0048,0.0108,6.04,6.05,True,False,True,True
bintik hitam di mata,11,20,1870,2191,0.0059,0.0091,3.17,4.56,True,False,False,True
penglihatan orang buta warna,11,13,1731,1390,0.0064,0.009399999999999999,2.27,1.16,True,False,True,True
kornea mata robek,11,9,1138,805,0.0097,0.011200000000000002,5.38,4.79,True,False,False,True
double eyelid adalah,11,39,1110,1660,0.009899999999999999,0.0235,2.82,3.07,True,False,False,True
gambar mata beserta fungsinya,11,19,829,1246,0.013300000000000001,0.0152,1.0,1.86,True,False,False,True
kornea mata luka,11,16,729,680,0.0151,0.0235,9.65,8.83,True,False,True,True
mata nyut nyutan sebelah kanan,11,46,636,919,0.0173,0.0501,1.91,1.55,True,False,False,True
kenapa mata gede sebelah,11,15,620,668,0.0177,0.0225,1.62,2.82,True,False,False,True
lasik mata malang,11,7,606,159,0.0182,0.044000000000000004,1.95,2.01,True,False,False,True
obat sakit mata kena las,11,13,594,514,0.018500000000000003,0.0253,3.94,2.8,True,False,True,True
kilatan cahaya pada mata,11,12,531,478,0.0207,0.025099999999999997,4.27,3.91,True,False,True,True
mata tiba-tiba merah tapi tidak sakit,11,14,530,516,0.0208,0.0271,3.78,5.89,True,False,True,True
ortho-k harga,11,13,421,387,0.026099999999999998,0.0336,1.47,1.28,True,False,True,True
katarak tanpa operasi,11,12,366,219,0.0301,0.0548,7.19,5.37,True,False,True,True
daun tetes mata,11,21,350,313,0.031400000000000004,0.06709999999999999,2.66,1.02,True,False,True,True
tanam lensa,11,30,344,508,0.032,0.0591,3.15,2.16,True,False,False,True
menghilangkan mata kuning,11,12,252,144,0.0437,0.0833,2.84,1.75,True,False,True,True
ketembak las,11,13,212,189,0.0519,0.0688,2.58,2.32,True,False,True,True
mata sering berair dan kabur,11,11,189,99,0.0582,0.11109999999999999,2.03,2.13,True,False,False,True
cara mengobati mata kena tembak las,11,13,163,117,0.0675,0.11109999999999999,1.98,2.17,True,False,True,True
cara menghilangkan bekas luka pada kornea mata,11,29,145,268,0.0759,0.1082,3.03,3.3,True,False,False,True
cara gurah mata,11,18,105,116,0.1048,0.1552,1.44,2.0,True,False,False,True
nec lasik,11,1,56,1,0.19640000000000002,1.0,1.27,1.0,True,False,False,True
pterigium,10,19,6325,5302,0.0016,0.0036,6.75,5.29,True,False,True,True
mata hitam main hp,10,20,4503,4894,0.0022,0.0040999999999999995,4.77,3.51,True,False,False,True
lasik tangsel,10,1,4395,3,0.0023,0.3333,5.46,2.67,True,False,False,True
mata belekan terus tapi tidak merah,10,16,3158,3537,0.0032,0.0045000000000000005,6.84,5.26,True,False,False,True
bunga kitolod,10,12,2804,392,0.0036,0.030600000000000002,9.12,11.41,True,False,True,True
relex smile,10,21,2662,2856,0.0038,0.0074,5.79,23.68,True,False,False,True
mata bagian bawah bengkak dan nyeri,10,11,1842,1817,0.0054,0.0060999999999999995,10.73,9.65,True,False,True,True
cara mengobati sakit mata secara alami,10,5,1538,482,0.006500000000000001,0.0104,10.67,11.56,True,False,False,True
jenis obat tetes mata dan fungsinya,10,10,1252,1079,0.008,0.009300000000000001,9.45,10.69,True,False,False,True
syarat lasik mata,10,15,852,789,0.011699999999999999,0.019,3.17,3.12,True,False,True,True
mata berlendir putih,10,8,670,473,0.0149,0.0169,4.43,5.15,True,False,False,True
gatal di kelopak mata,10,23,654,1176,0.015300000000000001,0.0196,4.24,3.93,True,False,False,True
cara hilangkan mata merah,10,8,552,267,0.0181,0.03,4.25,2.86,True,False,False,True
kelopak mata monolid,10,11,492,485,0.0203,0.0227,1.7,1.64,True,False,True,True
mata kena gram besi,10,7,364,175,0.0275,0.04,3.54,3.74,True,False,False,True
ciri ciri pembuluh darah mata pecah,10,16,353,366,0.028300000000000002,0.0437,1.87,2.06,True,False,False,True
operasi mata minus bpjs,10,9,308,147,0.0325,0.061200000000000004,1.42,1.63,True,False,False,True
cara menghilangkan sakit mata akibat las,10,28,240,342,0.0417,0.0819,1.44,1.39,True,False,False,True
cara menggunakan bunga kitolod untuk mata minus,10,17,224,318,0.0446,0.0535,3.09,4.25,True,False,False,True
mata ketembak las,10,14,208,187,0.0481,0.07490000000000001,2.35,2.63,True,False,True,True
obat herbal untuk mata rabun,10,5,200,76,0.05,0.0658,5.19,7.63,True,False,False,True
berapa biaya terapi ortho k,10,14,193,181,0.0518,0.07730000000000001,1.45,1.21,True,False,True,True
lensa rgp,10,22,187,165,0.0535,0.1333,3.04,2.29,True,False,True,True
cara mengobati kornea mata yang luka,10,16,163,213,0.0613,0.0751,3.53,4.29,True,False,False,True
mata berat tapi tidak mengantuk,10,15,145,171,0.069,0.0877,3.66,3.82,True,False,False,True
cara menyembuhkan mata kena las,10,19,142,158,0.0704,0.12029999999999999,1.65,1.59,True,False,False,True
cara mengobati mata habis ngelas,10,9,129,98,0.0775,0.09179999999999999,1.85,2.06,True,False,False,True
mata sakit setelah ngelas,10,18,124,110,0.0806,0.1636,1.56,1.6,True,False,True,True
cara mengobati mata sakit karena las,10,20,119,93,0.084,0.2151,1.39,1.51,True,False,True,True
batas usia lasik mata,10,7,117,60,0.0855,0.1167,2.02,2.13,True,False,False,True
cara mengatasi kelopak mata turun,10,12,109,97,0.0917,0.12369999999999999,3.5,4.45,True,False,True,True
cara cek tekanan bola mata,10,8,99,56,0.10099999999999999,0.1429,1.24,1.5,True,False,False,True
apakah operasi katarak bisa gagal,10,9,91,52,0.1099,0.17309999999999998,2.09,2.13,True,False,False,True
cara mengobati mata sakit akibat las,10,41,79,172,0.1266,0.2384,1.25,1.65,True,False,False,True
mata terkena cahaya las,10,17,79,70,0.1266,0.2429,1.82,2.64,True,False,True,True
mata kena cabe,10,11,74,54,0.1351,0.20370000000000002,1.24,1.35,True,False,True,True
cara mengatasi mata berlendir,10,16,65,81,0.15380000000000002,0.1975,1.49,1.57,True,False,False,True
bunga buat mata minus,10,16,47,45,0.21280000000000002,0.3556,3.32,1.91,True,False,True,True
mata kiri atas kedutan,9,8,34033,2032,0.0003,0.0039000000000000003,11.25,12.0,True,False,False,True
retina,9,10,18372,10873,0.0005,0.0009,4.6,4.75,True,False,True,True
menghilangkan mata panda,9,16,8417,8907,0.0011,0.0018,4.86,3.73,True,False,False,True
pembuluh darah mata pecah,9,9,7721,5420,0.0012,0.0017000000000000001,7.75,6.24,True,False,False,True
cara hilangkan mata panda,9,13,7028,7239,0.0013,0.0018,5.14,2.97,True,False,False,True
floaters mata,9,15,5089,9408,0.0018,0.0016,2.88,2.63,False,True,False,True
mata panas kenapa,9,10,3796,3748,0.0024,0.0027,5.91,4.63,True,False,True,True
pterigium adalah,9,5,3045,1166,0.003,0.0043,3.1,4.01,True,False,False,True
warna mata amber,9,13,2816,3047,0.0032,0.0043,1.81,1.84,True,False,False,True
cara mengobati mata buram secara alami,9,18,2566,2829,0.0034999999999999996,0.0064,5.84,4.88,True,False,False,True
mata gatal dan berair,9,17,2201,2905,0.0040999999999999995,0.0059,8.87,7.54,True,False,False,True
mata berwarna kuning,9,12,1811,1687,0.005,0.0070999999999999995,6.28,6.83,True,False,True,True
vitreoretina adalah,9,24,1471,1298,0.0060999999999999995,0.018500000000000003,5.43,4.15,True,False,True,True
tekanan bola mata,9,8,1275,753,0.0070999999999999995,0.0106,3.25,4.47,True,False,False,True
afakia,9,16,1258,1005,0.0072,0.0159,4.79,5.25,True,False,True,True
mata agak kuning kenapa,9,6,1176,578,0.0077,0.0104,6.09,6.42,True,False,False,True
sakit mata merah bengkak dan belekan,9,17,1097,1800,0.008199999999999999,0.009399999999999999,6.37,5.46,True,False,False,True
titik saraf mata,9,17,500,356,0.018000000000000002,0.0478,2.96,4.14,True,False,True,True
apa itu eyelid,9,11,312,276,0.0288,0.039900000000000005,2.42,2.18,True,False,True,True
obat mata sakit karena las,9,44,292,450,0.0308,0.0978,3.73,2.18,True,False,False,True
apakah minus 20 bisa lasik,9,11,286,303,0.0315,0.0363,2.8,2.51,True,False,False,True
autoimun mata,9,1,263,13,0.0342,0.07690000000000001,4.25,8.69,True,False,False,True
mata perih akibat las,9,16,183,187,0.0492,0.08560000000000001,3.37,2.0,True,False,False,True
obat mata merah herbal,9,14,170,121,0.0529,0.1157,4.12,4.69,True,False,True,True
obat mata terkena las,9,11,164,118,0.054900000000000004,0.0932,2.85,2.46,True,False,True,True
obat luka kelopak mata bagian dalam,9,22,160,167,0.0562,0.1317,2.03,2.16,True,False,False,True
cara mengatasi mata habis ngelas,9,13,151,123,0.0596,0.1057,2.27,1.82,True,False,True,True
cara menyembuhkan toxoplasma di mata,9,21,148,232,0.0608,0.09050000000000001,2.43,3.38,True,False,False,True
pengobatan mata katarak tanpa operasi,9,11,147,106,0.061200000000000004,0.1038,3.76,5.26,True,False,True,True
obat untuk mata kena las,9,20,145,176,0.0621,0.11359999999999999,2.86,2.05,True,False,False,True
klasifikasi miopia,9,12,142,85,0.0634,0.1412,3.22,1.69,True,False,True,True
mata terkena sinar las,9,18,132,136,0.0682,0.1324,2.08,1.92,True,False,False,True
mata sakit kena las,9,8,94,60,0.09570000000000001,0.1333,2.18,2.17,True,False,False,True
klinik mata nec surabaya,9,5,56,23,0.1607,0.21739999999999998,1.27,1.17,True,False,False,True
dr hera lesmana,9,9,52,34,0.17309999999999998,0.2647,4.1,3.35,True,False,False,True
national.eye center,9,1,24,1,0.375,1.0,1.0,1.0,True,False,False,True
strabismus adalah,8,11,11290,9302,0.0007000000000000001,0.0012,2.08,1.82,True,True,True,True
herpes mata,8,13,6552,6787,0.0012,0.0019,4.74,4.36,True,False,False,True
penyebab silinder,8,13,5398,5337,0.0015,0.0024,4.02,3.69,True,False,True,True
ulkus kornea,8,19,3254,2261,0.0025,0.0084,6.82,7.91,True,False,True,True
obat sakit mata merah,8,25,2744,3884,0.0029,0.0064,7.5,6.48,True,False,False,True
lipatan mata,8,12,2401,2437,0.0033,0.0049,3.59,4.35,True,False,False,True
cara membersihkan mata,8,6,1963,1135,0.0040999999999999995,0.0053,8.87,9.59,True,False,False,True
urat mata merah,8,52,1960,2431,0.0040999999999999995,0.021400000000000002,7.07,5.37,True,False,False,True
bunga tetes mata,8,13,1835,1660,0.0044,0.0078000000000000005,7.54,6.18,True,False,True,True
afakia adalah,8,10,1436,1312,0.005600000000000001,0.0076,2.05,3.08,True,False,True,True
mata berurat merah,8,10,1435,1532,0.005600000000000001,0.006500000000000001,7.59,7.23,True,False,False,True
cara menyembuhkan mata buram secara alami,8,12,1380,1474,0.0058,0.008100000000000001,5.99,5.25,True,False,False,True
mata anak berkedip terus,8,6,1151,604,0.006999999999999999,0.009899999999999999,7.27,7.73,True,False,False,True
lapisan retina,8,10,1048,890,0.0076,0.011200000000000002,2.93,2.58,True,False,True,True
cara menghilangkan bintik putih di kornea mata secara alami,8,13,920,931,0.0087,0.013999999999999999,7.93,6.31,True,False,False,True
mata merah bengkak berair dan belekan,8,13,645,830,0.0124,0.015700000000000002,5.66,4.3,True,False,False,True
beda lasik dan laser mata,8,11,589,634,0.013600000000000001,0.0174,3.77,3.65,True,False,False,True
sebutkan bagian bagian mata dan fungsinya,8,25,565,691,0.014199999999999999,0.0362,3.47,5.23,True,False,False,True
mata seperti ada pasir,8,12,560,722,0.0143,0.0166,5.83,5.22,True,False,False,True
apakah setelah lasik bisa minus lagi,8,9,553,441,0.014499999999999999,0.0204,2.67,3.22,True,False,True,True
daun obat mata alami,8,8,503,365,0.0159,0.0219,2.6,3.35,True,False,False,True
daun untuk obat mata,8,21,482,506,0.0166,0.0415,4.19,1.93,True,False,False,True
mata terasa berat seperti mengantuk,8,15,444,395,0.018000000000000002,0.038,2.65,3.32,True,False,True,True
gambar mata setelah operasi katarak,8,4,273,79,0.029300000000000003,0.0506,1.26,1.06,True,False,False,True
mata kena asap las,8,16,269,242,0.0297,0.0661,4.56,3.53,True,False,True,True
operasi lasik mata minus tinggi,8,15,240,244,0.0333,0.061500000000000006,1.59,1.49,True,False,False,True
obat mata akibat las,8,14,213,231,0.037599999999999995,0.060599999999999994,3.72,2.45,True,False,False,True
obat mata terkena cahaya las,8,18,191,285,0.04190000000000001,0.0632,1.7,2.29,True,False,False,True
bunga untuk mata minus,8,20,184,113,0.0435,0.177,3.96,2.81,True,False,True,True
efek samping ortho k,8,17,181,153,0.044199999999999996,0.11109999999999999,2.16,1.9,True,False,True,True
obat mata kena sinar las,8,16,151,151,0.053,0.106,2.29,2.63,True,False,False,True
promo lasik 2025,8,3,150,19,0.0533,0.15789999999999998,4.15,7.84,True,False,False,True
habis ngelas mata sakit obatnya apa,8,20,148,203,0.0541,0.09849999999999999,1.41,1.72,True,False,False,True
luka di bola mata hitam,8,4,108,30,0.0741,0.1333,7.56,5.13,True,False,False,True
penyebab mata besar sebelah dan cara mengatasinya,8,9,107,98,0.0748,0.09179999999999999,2.25,2.67,True,False,True,True
nlc surabaya,8,13,82,89,0.09759999999999999,0.1461,1.57,1.72,True,False,False,True
rs mata terbaik di surabaya,8,9,69,46,0.1159,0.1957,4.12,4.37,True,False,True,True
obat sakit mata akibat kena asap las listrik,8,6,66,38,0.12119999999999999,0.15789999999999998,3.61,3.32,True,False,False,True
cara mengobati mata setelah mengelas,8,7,39,29,0.2051,0.2414,1.46,1.28,True,False,False,True
biaya operasi lasik di nec,8,1,22,1,0.3636,1.0,1.41,1.0,True,False,False,True
penyebab mata bengkak sebelah,7,8,4881,5146,0.0014000000000000002,0.0016,9.9,10.01,True,False,False,True
retinopati hipertensi,7,12,1885,2037,0.0037,0.0059,5.34,4.84,True,False,False,True
cara menghilangkan urat merah di mata secara alami,7,15,1038,1147,0.0067,0.0131,5.37,4.92,True,False,False,True
ektropion adalah,7,9,1031,1125,0.0068000000000000005,0.008,2.23,2.33,True,False,False,True
gambar mata katarak,7,7,1003,818,0.006999999999999999,0.0086,3.93,5.07,True,False,False,True
kelopak mata terasa berat seperti mengantuk,7,15,996,1133,0.006999999999999999,0.0132,4.84,4.56,True,False,False,True
daun untuk mata,7,20,791,763,0.0088,0.0262,5.45,2.51,True,False,True,True
mata ada bintik hitam,7,12,672,749,0.0104,0.016,4.21,4.29,True,False,False,True
kenapa mata terasa panas dan perih,7,11,622,751,0.0113,0.0146,2.7,3.29,True,False,False,True
cara menaikkan kelopak mata yang turun,7,24,503,565,0.0139,0.0425,3.09,2.68,True,False,False,True
obat paling ampuh buat sakit mata kena las listrik,7,17,485,542,0.0144,0.031400000000000004,5.62,3.46,True,False,False,True
lasik malang,7,11,460,393,0.0152,0.027999999999999997,2.81,2.99,True,False,True,True
mata berair sebelah kanan,7,12,445,469,0.015700000000000002,0.0256,3.98,3.42,True,False,False,True
orto k,7,7,434,381,0.0161,0.0184,5.9,7.06,True,False,False,True
mata merah berair belekan dan bengkak,7,4,368,108,0.019,0.037000000000000005,5.35,4.5,True,False,False,True
harga lensa ortho k,7,13,322,318,0.0217,0.0409,1.75,2.25,True,False,True,True
pijat saraf mata,7,5,302,191,0.0232,0.0262,3.64,5.28,True,False,False,True
penyebab mata gede sebelah,7,10,261,221,0.0268,0.0452,1.96,2.78,True,False,True,True
nama bagian mata dan fungsinya,7,18,220,300,0.0318,0.06,1.48,2.67,True,False,False,True
trauma kimia mata,7,10,211,250,0.0332,0.04,4.38,3.92,True,False,False,True
efek mata terkena asap las,7,13,192,232,0.0365,0.055999999999999994,3.87,3.67,True,False,False,True
cara menggunakan daun katarak,7,8,162,119,0.0432,0.0672,3.4,5.14,True,False,True,True
penyembuhan katarak tanpa operasi,7,6,151,115,0.0464,0.052199999999999996,3.42,4.17,True,False,False,True
cara menyembuhkan pembuluh darah pecah di mata,7,16,140,284,0.05,0.056299999999999996,2.06,2.85,True,False,False,True
operasi katarak gagal,7,9,123,124,0.056900000000000006,0.0726,3.26,2.81,True,False,False,True
mengatasi kelopak mata turun,7,9,114,79,0.061399999999999996,0.1139,2.45,2.61,True,False,True,True
mata bayi keluar darah,7,11,110,46,0.0636,0.2391,2.85,2.0,True,False,True,True
mata plus bisa di lasik,7,8,109,58,0.0642,0.1379,1.89,2.09,True,False,True,True
batas umur lasik mata,7,5,100,53,0.07,0.0943,1.9,2.0,True,False,False,True
cara mengatasi mata terkena cabai,7,6,94,71,0.0745,0.08449999999999999,1.57,1.7,True,False,False,True
pengobatan katarak tanpa operasi di surabaya,7,10,78,86,0.0897,0.11630000000000001,4.05,3.8,True,False,False,True
mata perih kena las,7,11,73,97,0.0959,0.1134,1.44,2.01,True,False,False,True
macam warna mata,7,9,62,67,0.11289999999999999,0.1343,2.02,2.01,True,False,False,True
penyebab mata terasa berpasir,7,11,60,54,0.1167,0.20370000000000002,4.17,4.24,True,False,True,True
pengalaman sembuh dari glaukoma,7,4,54,25,0.12960000000000002,0.16,2.83,3.2,True,False,False,True
mengatasi mata sakit akibat las,7,14,53,61,0.1321,0.22949999999999998,1.66,1.48,True,False,False,True
nec eye clinic,7,11,46,35,0.1522,0.3143,2.2,2.71,True,False,True,True
dr ria sandy deneska,7,7,44,38,0.1591,0.18420000000000003,4.7,3.92,True,False,False,True
kenapa mata rasa berpasir,7,11,42,39,0.16670000000000001,0.2821,3.1,4.41,True,False,True,True
di mata ada belek ditarik panjang seperti benang,6,38,851,1250,0.0070999999999999995,0.0304,4.33,3.01,True,False,False,True
fungsi bintik buta pada mata,3,24,1588,6193,0.0019,0.0039000000000000003,5.77,4.15,True,False,False,True
obat mata perih karena las,5,24,171,258,0.0292,0.09300000000000001,3.53,2.33,True,False,False,True
cara meredakan sakit mata akibat las,6,23,121,158,0.0496,0.1456,1.38,1.28,True,False,False,True
mata anak merah dan belekan,2,22,773,1378,0.0026,0.016,4.22,4.19,True,False,False,True
konsultasi dokter mata online gratis,4,22,55,86,0.0727,0.25579999999999997,2.53,2.78,True,False,False,True
mata besar sebelah apakah normal,5,21,433,690,0.0115,0.0304,3.99,5.08,True,False,False,True
mata panda,4,20,13611,18039,0.0003,0.0011,12.19,2.95,True,False,False,True
penyebab mata merah sebelah tapi tidak sakit,4,20,430,439,0.009300000000000001,0.045599999999999995,5.94,5.71,True,False,False,True
apakah mata besar sebelah bisa sembuh,1,19,780,838,0.0013,0.0227,4.46,2.41,True,False,False,True
bentuk kelopak mata,5,19,281,358,0.0178,0.053099999999999994,2.09,1.0,True,False,False,True
penyebab mata cekung,6,18,868,1041,0.0069,0.0173,4.57,3.5,True,False,False,True
mata bengkak merah dan belekan,6,18,340,506,0.0176,0.0356,4.46,3.97,True,False,False,True
apa itu mata monolid,3,18,240,431,0.0125,0.0418,1.77,1.88,True,False,False,True
cara mengurangi mata minus dan silinder,4,18,321,363,0.0125,0.0496,3.44,3.8,True,False,False,True
penyebab low vision both eyes,5,18,283,361,0.0177,0.0499,2.57,2.34,True,False,False,True
pinguekulitis,6,18,413,240,0.014499999999999999,0.075,2.1,1.33,True,False,True,True
mata kena las apa obatnya,4,18,65,169,0.061500000000000006,0.1065,2.05,1.45,True,False,False,True
mata terasa berat dan mengantuk,4,17,98,128,0.0408,0.1328,3.16,2.45,True,False,False,True
pembuluh darah mata pecah apakah bisa sembuh,1,16,243,404,0.0040999999999999995,0.039599999999999996,3.63,4.35,True,False,False,True
mata kanan dan kiri beda fokus,1,16,136,206,0.0074,0.07769999999999999,4.85,3.78,True,False,False,True
bunga untuk obat mata minus,3,16,67,96,0.044800000000000006,0.16670000000000001,3.93,3.77,True,False,False,True
cara mengobati mata terkena asap las,2,16,24,64,0.0833,0.25,1.75,2.36,True,False,False,True
rabun jauh,2,15,2928,12415,0.0007000000000000001,0.0012,10.64,2.19,True,False,False,True
operasi mata,6,15,3397,3210,0.0018,0.004699999999999999,6.03,4.39,True,False,True,True
sebutkan bagian-bagian yang menyusun mata manusia,0,15,295,1273,0.0,0.0118,4.08,4.03,True,False,False,True
cara mengatasi mata kelilipan di kelopak atas,5,15,1065,1138,0.004699999999999999,0.0132,6.0,5.5,True,False,False,True
kitolod untuk mata,2,15,856,817,0.0023,0.0184,6.85,6.24,True,False,True,True
cara menyembuhkan mata besar sebelah secara alami,2,15,616,541,0.0032,0.0277,4.52,3.5,True,False,True,True
obat mata tradisional untuk dewasa,4,15,340,445,0.0118,0.0337,6.44,6.42,True,False,False,True
harga terapi ortho k,3,15,285,262,0.0105,0.057300000000000004,1.53,1.11,True,False,True,True
mata terkena asap las,6,15,202,191,0.0297,0.0785,4.6,3.51,True,False,True,True
biaya lasik mata surabaya,5,15,296,135,0.0169,0.11109999999999999,1.3,1.66,True,False,True,True
dr dini rs mata undaan,0,15,0,32,0.0,0.46880000000000005,0.0,2.44,True,False,False,True
beda femto lasik dan relex smile,2,15,11,20,0.1818,0.75,1.0,1.15,True,False,False,True
mata sayu adalah,3,14,8080,8859,0.0004,0.0016,6.05,5.62,True,False,False,True
mata gatal terus menerus,3,14,2353,5444,0.0013,0.0026,9.82,9.76,True,False,False,True
tekanan bola mata normal,5,14,2730,2758,0.0018,0.0051,8.98,4.25,True,False,False,True
kitolod,1,14,862,2016,0.0012,0.0069,5.05,3.64,True,False,False,True
kelenjar air mata,4,14,1733,1884,0.0023,0.0074,2.61,4.55,True,False,False,True
arcus senilis adalah,4,14,1382,1406,0.0029,0.01,3.79,3.03,True,False,False,True
penyebab kantung mata kendur di usia muda,4,14,611,917,0.006500000000000001,0.015300000000000001,2.96,2.96,True,False,False,True
urat merah di mata,5,14,822,888,0.0060999999999999995,0.0158,7.45,5.31,True,False,False,True
ciri ciri minus bertambah,6,14,891,622,0.0067,0.0225,1.82,2.22,True,False,True,True
daun buat mata,4,14,677,606,0.0059,0.0231,5.88,1.36,True,False,True,True
alat berikut memiliki fungsi sebagai koreksi penglihatan kecuali,2,14,486,603,0.0040999999999999995,0.0232,4.33,3.29,True,False,False,True
mata keruh,4,14,566,533,0.0070999999999999995,0.0263,2.67,4.36,True,False,True,True
cara mengatasi mata besar sebelah,4,14,446,455,0.009000000000000001,0.0308,3.17,2.59,True,False,False,True
urat mata merah kenapa,1,14,245,429,0.0040999999999999995,0.0326,7.53,4.07,True,False,False,True
arcus senilis pada usia muda,3,14,188,267,0.016,0.0524,2.26,1.69,True,False,False,True
pantangan glaukoma,4,14,115,186,0.0348,0.0753,1.97,2.21,True,False,False,True
obat mata setelah mengelas,6,14,131,169,0.0458,0.0828,4.07,2.53,True,False,False,True
cara mengatasi mata yang kena cahaya las,4,14,35,57,0.1143,0.24559999999999998,1.69,1.98,True,False,False,True
cara menggunakan daun kitolod untuk mata,5,14,43,43,0.11630000000000001,0.3256,4.19,4.14,True,False,False,True
ciri mata minus,6,13,4220,4256,0.0014000000000000002,0.0031,8.93,7.76,True,False,False,True
uveitis,6,13,3404,3948,0.0018,0.0033,7.98,5.78,True,False,False,True
lensa mata adalah,6,13,3479,3895,0.0017000000000000001,0.0033,2.98,1.86,True,False,False,True
biaya operasi lasik,2,13,3241,3180,0.0006,0.0040999999999999995,5.49,3.9,True,False,True,True
titik hitam di mata,6,13,1406,1348,0.0043,0.0096,5.2,5.93,True,False,True,True
low vision both eyes adalah,5,13,1429,1196,0.0034999999999999996,0.0109,4.75,5.35,True,False,True,True
cara mengatasi mata besar sebelah secara alami,3,13,1028,1169,0.0029,0.0111,4.27,3.9,True,False,False,True
melihat lebih jelas.id,0,13,0,732,0.0,0.0178,0.0,2.61,True,False,False,True
mata terasa ngantuk terus gejala apa,4,13,584,531,0.0068000000000000005,0.0245,4.58,3.8,True,False,True,True
bunga putih obat mata,5,13,417,515,0.012,0.0252,3.67,4.68,True,False,False,True
bagian 2 mata,4,13,415,473,0.0096,0.0275,4.43,4.34,True,False,False,True
terapi ortho k harga,5,13,423,351,0.0118,0.037000000000000005,1.64,1.15,True,False,True,True
mengatasi mata kuning,4,13,447,284,0.0089,0.0458,4.05,3.73,True,False,True,True
sebutkan bagian bagian mata beserta fungsinya,1,13,132,242,0.0076,0.0537,3.26,5.23,True,False,False,True
apakah lasik bisa minus lagi,2,13,98,222,0.0204,0.058600000000000006,3.11,2.63,True,False,False,True
toxoplasma pada mata,5,13,160,202,0.031200000000000002,0.0644,3.86,3.59,True,False,False,True
mata kena sinar las,5,13,128,101,0.0391,0.12869999999999998,1.82,2.27,True,False,True,True
obat mata kena pijar las,5,13,165,87,0.030299999999999997,0.1494,3.38,2.55,True,False,True,True
lasik gagal,4,13,52,72,0.07690000000000001,0.18059999999999998,1.48,1.74,True,False,False,True
lasik vs smile,6,13,19,34,0.31579999999999997,0.3824,2.26,7.15,True,False,False,True
pupil mata membesar,4,12,6655,7919,0.0006,0.0015,4.65,7.34,True,False,False,True
kompres mata bengkak pakai air apa,4,12,1568,3715,0.0026,0.0032,6.1,5.47,True,False,False,True
cara mengobati mata ada bayangan hitam,4,12,1714,2137,0.0023,0.005600000000000001,6.56,3.12,True,False,False,True
mata merah sebelah tapi tidak sakit,5,12,1055,1213,0.004699999999999999,0.009899999999999999,8.21,7.22,True,False,False,True
vitreo retina adalah,3,12,1255,1120,0.0024,0.010700000000000001,8.28,7.38,True,False,True,True
obat tradisional untuk mata kelilipan,4,12,628,746,0.0064,0.0161,4.76,3.95,True,False,False,True
obat mata alami untuk anak,6,12,430,735,0.013999999999999999,0.0163,9.28,8.72,True,False,False,True
bagian-bagian mata beserta fungsinya,5,12,653,574,0.0077,0.0209,2.43,5.56,True,False,True,True
sebutkan bagian mata dan fungsinya,4,12,543,470,0.0074,0.0255,4.05,5.1,True,False,True,True
biaya tanam lensa mata minus,4,12,413,432,0.0097,0.0278,2.46,4.11,True,False,False,True
bagianÂ² mata,6,12,434,431,0.0138,0.0278,4.84,4.8,True,False,True,True
lendir mata,3,12,359,398,0.0084,0.0302,2.3,3.05,True,False,False,True
cendo xitrol untuk mata kena las,2,12,135,318,0.0148,0.0377,3.24,2.81,True,False,False,True
obat mata shot,4,12,192,302,0.0208,0.0397,3.59,4.31,True,False,False,True
cara membersihkan mata yang kuning,6,12,291,295,0.0206,0.0407,2.2,2.05,True,False,False,True
penyebab mata nyut nyutan,2,12,175,228,0.011399999999999999,0.0526,1.85,1.89,True,False,False,True
penyebab mata keruh,5,12,124,151,0.0403,0.0795,2.91,2.89,True,False,False,True
mengapa mata besar sebelah,5,12,98,119,0.051,0.1008,2.07,2.14,True,False,False,True
jenis operasi mata,5,12,102,115,0.049,0.1043,2.76,3.43,True,False,False,True
cara menghilangkan perih di mata akibat las,0,12,0,56,0.0,0.2143,0.0,1.29,True,False,False,True
kornea tipis,3,12,54,56,0.0556,0.2143,1.67,1.93,True,False,False,True
sakit mata setelah mengelas,5,12,43,52,0.11630000000000001,0.23079999999999998,2.09,2.0,True,False,False,True
cara menghilangkan perih mata karena las,5,12,45,49,0.11109999999999999,0.24489999999999998,1.38,1.29,True,False,False,True
alternatif selain lasik,3,12,16,29,0.1875,0.4138,2.69,1.86,True,False,False,True
relex smile vs femto lasik,4,12,12,24,0.3333,0.5,9.5,5.58,True,False,False,True
silinder adalah,0,11,15144,17893,0.0,0.0006,5.08,3.37,True,False,False,True
xeroftalmia,1,11,7963,11272,0.0001,0.001,5.81,7.75,True,False,False,True
oftalmoskop,4,11,5794,10870,0.0007000000000000001,0.001,4.3,13.21,True,False,False,True
penyebab sakit mata belekan,6,11,3154,4276,0.0019,0.0026,7.09,5.09,True,False,False,True
cara menghilangkan mata panda dengan cepat dan alami,6,11,3697,4066,0.0016,0.0027,5.41,5.68,True,False,False,True
mata minus 1 artinya,6,11,3608,2162,0.0017000000000000001,0.0051,8.94,8.05,True,False,True,True
kompres mata pakai air apa,4,11,1169,1764,0.0034000000000000002,0.0062,4.54,4.21,True,False,False,True
sebutkan bagian-bagian mata,3,11,1821,1383,0.0016,0.008,2.23,4.8,True,False,True,True
cara menjernihkan mata,6,11,994,1035,0.006,0.0106,5.71,3.1,True,False,False,True
terapi mata buram,5,11,544,443,0.0092,0.0248,5.75,5.49,True,False,True,True
tanda-tanda operasi katarak berhasil,6,11,329,413,0.0182,0.026600000000000002,4.01,3.18,True,False,False,True
pinggir bola mata berwarna abu-abu,1,11,240,351,0.0042,0.0313,3.69,3.75,True,False,False,True
tuliskan bagian-bagian mata dan fungsinya,5,11,337,338,0.0148,0.0325,2.05,4.96,True,False,False,True
daun buat obat mata,3,11,235,307,0.0128,0.0358,6.14,1.15,True,False,False,True
tahi lalat dimata,2,11,186,266,0.0108,0.0414,1.74,1.51,True,False,False,True
toksoplasma pada mata,5,11,554,238,0.009000000000000001,0.0462,4.1,3.84,True,False,True,True
apa penyebab mata besar sebelah,5,11,193,230,0.0259,0.0478,3.01,3.72,True,False,False,True
bentuk mata minus,0,11,345,207,0.0,0.053099999999999994,2.01,2.21,True,False,True,True
mata terasa nyut nyutan,2,11,92,123,0.0217,0.0894,1.54,1.8,True,False,False,True
obat sakit mata terkena las,5,11,103,121,0.048499999999999995,0.0909,2.28,2.54,True,False,False,True
cara menghilangkan sakit mata karena las,5,11,74,87,0.0676,0.1264,1.45,1.29,True,False,False,True
obat mata perih akibat las,2,11,31,73,0.0645,0.1507,4.06,2.14,True,False,False,True
cara mengatasi mata terkena las,6,11,107,70,0.056100000000000004,0.15710000000000002,1.78,2.07,True,False,True,True
tanda ulkus kornea sembuh,5,11,39,70,0.1282,0.15710000000000002,4.67,4.04,True,False,False,True
apakah mata plus bisa di lasik,6,11,123,61,0.048799999999999996,0.18030000000000002,2.46,2.03,True,False,True,True
bagian mata ada berapa,6,11,23,30,0.2609,0.3667,1.74,2.33,True,False,False,True
kelopak mata dalam luka,3,11,35,27,0.0857,0.40740000000000004,1.54,2.78,True,False,True,True
jenis jenis warna mata manusia,4,11,24,24,0.16670000000000001,0.4583,1.33,2.58,True,False,False,True
penyebab operasi katarak gagal,6,11,37,21,0.16219999999999998,0.5238,2.05,1.43,True,False,True,True
entropion,2,10,2834,2617,0.0007000000000000001,0.0038,7.33,8.21,True,False,True,True
mata kelilipan,4,10,2505,2434,0.0016,0.0040999999999999995,8.73,8.46,True,False,True,True
dokter spesialis mata terdekat,5,10,2032,2023,0.0025,0.0049,8.93,8.99,True,False,True,True
penyebab mata tiba-tiba perih dan berair,3,10,1123,1578,0.0027,0.0063,5.58,6.87,True,False,False,True
kelopak mata sakit saat ditekan dan berkedip,0,10,455,1292,0.0,0.0077,5.25,5.2,True,False,False,True
mata abu abu,1,10,1529,1266,0.0007000000000000001,0.0079,6.33,3.89,True,False,True,True
herpes di kelopak mata,5,10,691,787,0.0072,0.0127,4.34,3.74,True,False,False,True
mengatasi kantung mata kendur,3,10,488,649,0.0060999999999999995,0.0154,9.66,7.06,True,False,False,True
bagian mata beserta fungsinya,6,10,679,630,0.0088,0.0159,2.72,5.07,True,False,True,True
khasiat daun bahaya bunga kitolod untuk mata,3,10,826,607,0.0036,0.0165,7.04,5.99,True,False,True,True
gambar rabun jauh,0,10,575,524,0.0,0.0191,5.64,1.02,True,False,True,True
ciri ciri mata minus bertambah,4,10,493,483,0.008100000000000001,0.0207,2.06,2.09,True,False,True,True
cara mengatasi mata merah dan berair akibat las,3,10,195,448,0.0154,0.0223,3.1,2.4,True,False,False,True
daun untuk sakit mata,2,10,213,290,0.009399999999999999,0.0345,8.17,2.54,True,False,False,True
fungsi dari bagian bagian mata,3,10,276,271,0.0109,0.0369,2.54,5.26,True,False,True,True
eye center karawang,2,10,210,219,0.0095,0.045700000000000005,7.27,7.54,True,False,False,True
obat mata kena cahaya las,5,10,177,185,0.0282,0.0541,2.19,2.49,True,False,False,True
bunga katarak untuk mata minus,0,10,0,116,0.0,0.0862,0.0,3.77,True,False,False,True
jeruk nipis untuk mata,4,10,138,116,0.028999999999999998,0.0862,4.85,5.0,True,False,True,True
cara mengobati mata buram akibat las listrik,2,10,58,79,0.0345,0.1266,3.07,2.66,True,False,False,True
bunga katalog untuk mata,5,10,101,78,0.0495,0.1282,3.23,3.79,True,False,True,True
cara mengobati mata karena las,4,10,53,62,0.0755,0.1613,1.51,1.44,True,False,False,True
harga lasik mata di nec surabaya,0,10,0,50,0.0,0.2,0.0,1.2,True,False,False,True
cara mengobati mata ketembak las,5,10,45,48,0.11109999999999999,0.20829999999999999,1.76,1.98,True,False,False,True
glaukoma pada anak remaja,2,10,22,48,0.0909,0.20829999999999999,2.59,2.06,True,False,False,True
obat alami mata merah dan gatal,5,10,41,45,0.122,0.22219999999999998,1.32,2.07,True,False,False,True
cara menyembuhkan ptosis secara alami,0,10,0,35,0.0,0.2857,0.0,3.43,True,False,False,True
cara menggunakan eye patch untuk mata juling,2,10,12,24,0.16670000000000001,0.4167,1.5,1.5,True,False,False,True
syarat operasi lasik mata minus,1,10,68,22,0.0147,0.4545,2.66,1.59,True,False,True,True
operasi lasik gratis,0,10,0,18,0.0,0.5556,0.0,1.0,True,False,False,True
kenapa mata kiri kedutan,1,9,15085,8727,0.0001,0.001,11.74,11.98,True,False,True,True
mata berdarah main hp,0,9,1388,2498,0.0,0.0036,3.69,2.22,True,False,False,True
low vision,3,9,1706,1602,0.0018,0.005600000000000001,10.17,6.93,True,False,True,True
penyebab mata belekan terus,3,9,1122,1586,0.0027,0.005699999999999999,7.82,5.57,True,False,False,True
mata berat,4,9,844,932,0.004699999999999999,0.0097,4.2,3.68,True,False,False,True
mata juling karena hp,1,9,715,891,0.0014000000000000002,0.0101,2.84,2.78,True,False,False,True
penyebab mata perih dan berair,3,9,735,773,0.0040999999999999995,0.0116,5.41,6.03,True,False,False,True
obat tetes mata kena las,4,9,592,750,0.0068000000000000005,0.012,7.94,6.13,True,False,False,True
efek samping lasik,3,9,903,696,0.0033,0.0129,8.31,6.44,True,False,True,True
cara mengobati mata merah akibat benturan,6,9,544,689,0.011000000000000001,0.0131,5.25,4.77,True,False,False,True
cara mengobati herpes di kelopak mata,5,9,612,657,0.008199999999999999,0.0137,8.86,8.52,True,False,False,True
obat alami mata buram,5,9,914,571,0.0055000000000000005,0.0158,7.56,7.51,True,False,True,True
mata anak juling karena hp,5,9,418,549,0.012,0.016399999999999998,2.99,3.67,True,False,False,True
mata nyeri sebelah kanan,4,9,619,549,0.006500000000000001,0.016399999999999998,5.13,4.85,True,False,True,True
penyebab mata bayi belekan dan cara mengatasinya,3,9,907,526,0.0033,0.0171,6.3,6.04,True,False,True,True
gatal kelopak mata,1,9,266,493,0.0038,0.0183,3.72,3.97,True,False,False,True
apakah operasi lasik bisa pakai bpjs,6,9,937,485,0.0064,0.018600000000000002,3.22,3.69,True,False,True,True
bagian dalam mata dan fungsinya,2,9,203,383,0.009899999999999999,0.0235,2.06,6.39,True,False,False,True
penyebab kelopak mata turun,5,9,463,355,0.0108,0.0254,10.07,9.57,True,False,True,True
apakah mata silinder berbahaya,6,9,305,335,0.0197,0.0269,2.23,2.7,True,False,False,True
cara mengatasi mata terasa panas dan perih,6,9,248,329,0.0242,0.0274,2.44,2.92,True,False,False,True
mata pijar,5,9,281,325,0.0178,0.0277,2.99,3.22,True,False,False,True
ciri ciri minus mata bertambah,4,9,150,284,0.026699999999999998,0.0317,1.75,2.07,True,False,False,True
menurunkan tekanan bola mata secara alami,2,9,135,237,0.0148,0.038,8.41,7.63,True,False,False,True
harga terapi ortho-k,4,9,250,219,0.016,0.041100000000000005,1.36,1.16,True,False,True,True
stadium katarak,4,9,255,219,0.015700000000000002,0.041100000000000005,2.3,2.54,True,False,True,True
mata kena percikan las,3,9,207,176,0.014499999999999999,0.051100000000000007,4.01,3.18,True,False,True,True
apakah penglihatan mata kanan dan kiri berbeda,4,9,123,173,0.0325,0.052000000000000005,2.19,1.89,True,False,False,True
kenapa setelah operasi katarak mata masih buram,3,9,178,173,0.0169,0.052000000000000005,5.43,5.43,True,False,True,True
nama organ mata,1,9,384,170,0.0026,0.0529,2.39,2.57,True,False,True,True
tuliskan bagian bagian mata beserta fungsinya,3,9,117,148,0.0256,0.0608,2.72,5.57,True,False,False,True
obat sakit mata gara gara las,3,9,133,143,0.0226,0.0629,3.47,2.33,True,False,False,True
tipe kelopak mata,4,9,91,130,0.044000000000000004,0.0692,2.13,1.04,True,False,False,True
manfaat jeruk nipis untuk mata,4,9,69,129,0.057999999999999996,0.0698,2.59,3.68,True,False,False,True
mata kena tembak las,2,9,47,110,0.0426,0.0818,2.19,2.38,True,False,False,True
obat mata shot kena las,5,9,153,109,0.0327,0.08259999999999999,1.98,2.42,True,False,True,True
obat mata yang terkena las,2,9,59,103,0.0339,0.0874,2.76,2.2,True,False,False,True
obat kena asap las,5,9,145,78,0.0345,0.11539999999999999,4.77,5.08,True,False,True,True
mata kena cabai dikasih apa,0,9,0,76,0.0,0.1184,0.0,1.34,True,False,False,True
cara menghitung minus dan silinder softlens,2,9,28,76,0.07139999999999999,0.1184,10.39,9.63,True,False,False,True
lendir pada mata,3,9,62,70,0.0484,0.1286,3.05,3.0,True,False,False,True
penyebab mata berair sebelah,5,9,58,61,0.0862,0.1475,3.79,3.84,True,False,False,True
macam macam warna mata manusia,6,9,35,45,0.1714,0.2,1.26,2.84,True,False,False,True
cara mengatasi mata kena cabe,4,9,53,40,0.0755,0.225,1.32,1.5,True,False,True,True
ketebalan kornea untuk lasik,2,9,13,35,0.15380000000000002,0.2571,1.69,2.4,True,False,False,True
cara mengatasi mata merah akibat las,5,9,55,34,0.0909,0.2647,1.51,1.76,True,False,True,True
femtolasik vs relex smile,6,9,43,33,0.13949999999999999,0.2727,2.37,2.76,True,False,True,True
cara kerja kacamata buta warna,1,9,17,32,0.0588,0.2812,2.24,2.5,True,False,False,True
kekurangan terapi ortho k,3,9,10,25,0.3,0.36,1.2,1.2,True,False,False,True
perbedaan monolid dan double eyelid,2,9,32,25,0.0625,0.36,1.34,1.28,True,False,True,True
retinopati diabetik,6,8,5625,4505,0.0011,0.0018,2.0,3.45,True,True,True,True
radang kelopak mata,3,8,3108,4325,0.001,0.0018,11.2,12.33,True,False,False,True
bercak merah pada mata,5,8,2559,3103,0.002,0.0026,9.62,7.95,True,False,False,True
cara mengatasi mata bengkak merah dan berair,5,8,2199,2201,0.0023,0.0036,10.12,10.99,True,False,False,True
kenapa mata terasa berat,3,8,1703,1784,0.0018,0.0045000000000000005,5.6,4.29,True,False,False,True
mata ada bayangan hitam,6,8,1966,1779,0.0031,0.0045000000000000005,6.53,4.51,True,False,True,True
oftalmoskop adalah,6,8,1039,1144,0.0058,0.006999999999999999,3.76,3.41,True,False,False,True
cara menyembuhkan mata yang sering berkedip,3,8,1058,1112,0.0028000000000000004,0.0072,9.36,8.41,True,False,False,True
lasik bpjs,2,8,882,877,0.0023,0.0091,5.83,4.72,True,False,True,True
sebutkan bagian bagian mata,1,8,1501,860,0.0007000000000000001,0.009300000000000001,2.37,4.67,True,False,True,True
daun kitolot,6,8,876,711,0.0068000000000000005,0.0113,2.29,1.85,True,False,True,True
gambar mata dan bagian-bagiannya,2,8,348,601,0.005699999999999999,0.013300000000000001,1.17,1.36,True,False,False,True
mata monoloid,5,8,586,593,0.0085,0.013500000000000002,2.92,2.35,True,False,False,True
femtolasik,5,8,876,578,0.005699999999999999,0.0138,6.34,14.08,True,False,True,True
manfaat gurah mata,5,8,674,565,0.0074,0.014199999999999999,4.64,4.78,True,False,True,True
pijat mata minus,2,8,545,550,0.0037,0.014499999999999999,6.89,4.91,True,False,False,True
cara mengatasi buta warna parsial,4,8,961,521,0.0042,0.0154,4.23,7.92,True,False,True,True
10 lapisan retina,1,8,475,516,0.0021,0.0155,4.36,2.8,True,False,False,True
mata berair sebelah kiri,5,8,663,506,0.0075,0.0158,4.17,5.29,True,False,True,True
cara menghilangkan mata sembab,3,8,2116,471,0.0014000000000000002,0.017,6.21,3.64,True,False,True,True
mata hitam pada anak karena hp,6,8,471,467,0.0127,0.0171,3.02,2.93,True,False,True,True
cara mengobati mata kuning,2,8,844,464,0.0024,0.0172,3.9,5.46,True,False,True,True
cara menjernihkan mata secara alami,1,8,223,425,0.0045000000000000005,0.018799999999999997,3.74,2.93,True,False,False,True
apakah operasi lasik ditanggung bpjs,1,8,187,350,0.0053,0.0229,4.02,4.63,True,False,False,True
manfaat kitolod,0,8,435,347,0.0,0.0231,9.89,10.14,True,False,True,True
syarat operasi lasik,2,8,290,335,0.0069,0.0239,3.78,2.8,True,False,False,True
tanaman untuk obat mata,6,8,541,331,0.0111,0.0242,5.13,4.79,True,False,True,True
refleksi mata,6,8,288,320,0.0208,0.025,1.84,3.06,True,False,False,True
penyebab mata anak sering berkedip,6,8,654,303,0.0092,0.0264,7.5,5.5,True,False,True,True
mata terasa ada pasir,5,8,320,288,0.015600000000000001,0.0278,4.38,4.92,True,False,True,True
apa itu mata panda,0,8,256,279,0.0,0.0287,9.06,2.0,True,False,False,True
urat mata merah tidak hilang,2,8,98,270,0.0204,0.0296,5.77,4.88,True,False,False,True
harga ortho-k di jec,3,8,139,248,0.0216,0.0323,2.81,3.7,True,False,False,True
titik akupuntur mata,3,8,329,247,0.0091,0.032400000000000005,3.25,4.2,True,False,True,True
kenapa mata banyak urat merah,1,8,225,241,0.0044,0.0332,6.05,2.59,True,False,False,True
apakah lasik bisa gagal,5,8,288,236,0.0174,0.0339,1.69,1.82,True,False,True,True
kenapa mata turun sebelah,1,8,182,208,0.0055000000000000005,0.0385,4.79,5.25,True,False,False,True
alat bantu penglihatan,3,8,105,198,0.0286,0.0404,1.96,1.87,True,False,False,True
eyelid mata,3,8,163,193,0.0184,0.0415,2.24,1.56,True,False,False,True
jenis jenis kelopak mata,2,8,130,191,0.0154,0.04190000000000001,2.24,1.78,True,False,False,True
organ penglihatan,4,8,623,169,0.0064,0.0473,5.39,7.3,True,False,True,True
cara mengatasi ptosis tanpa operasi,3,8,165,144,0.0182,0.0556,5.81,5.52,True,False,True,True
mata anak besar sebelah,2,8,133,142,0.015,0.056299999999999996,6.74,5.94,True,False,False,True
operasi lasik berapa lama,3,8,125,138,0.024,0.057999999999999996,4.07,4.22,True,False,False,True
ada bintik hitam di mata anak,5,8,92,131,0.054299999999999994,0.0611,5.02,4.44,True,False,False,True
mengobati mata katarak tanpa operasi,4,8,84,130,0.047599999999999996,0.061500000000000006,4.2,4.52,True,False,False,True
pohon kitolod untuk mata,1,8,102,126,0.0098,0.0635,7.08,4.25,True,False,False,True
fungsi bagian bagian mata manusia,0,8,0,107,0.0,0.0748,0.0,6.23,True,False,False,True
menghilangkan katarak tanpa operasi,3,8,60,100,0.05,0.08,5.07,5.11,True,False,False,True
obat mata merah karena las,3,8,73,90,0.041100000000000005,0.0889,3.16,2.39,True,False,False,True
harga terapi ortho k di vio,1,8,42,90,0.023799999999999998,0.0889,3.05,6.2,True,False,False,True
13 bagian mata,0,8,0,89,0.0,0.08990000000000001,0.0,2.47,True,False,False,True
lensa ortho k adalah,2,8,81,77,0.024700000000000003,0.1039,3.78,2.95,True,False,True,True
setelah operasi katarak mata masih buram,2,8,40,74,0.05,0.1081,3.55,4.5,True,False,False,True
nama warna mata,5,8,64,72,0.0781,0.11109999999999999,1.8,2.35,True,False,False,True
penyebab bola mata besar sebelah,3,8,31,65,0.0968,0.1231,3.16,5.18,True,False,False,True
harga lensa rgp,4,8,65,65,0.061500000000000006,0.1231,4.17,8.05,True,False,False,True
nama nama warna mata,5,8,40,53,0.125,0.1509,1.55,2.04,True,False,False,True
obat alami untuk mata merah pada anak,3,8,28,53,0.10710000000000001,0.1509,2.71,3.32,True,False,False,True
apakah mata plus bisa lasik,4,8,28,50,0.1429,0.16,3.07,2.82,True,False,False,True
cara menyembuhkan sakit mata karena las,0,8,0,49,0.0,0.16329999999999997,0.0,2.18,True,False,False,True
cara meredakan mata perih setelah mengelas,3,8,28,45,0.10710000000000001,0.1778,1.75,1.56,True,False,False,True
tanam lensa vs lasik,4,8,34,45,0.1176,0.1778,2.71,4.02,True,False,False,True
cara menghilangkan mata perih akibat las listrik,0,8,0,40,0.0,0.2,0.0,1.38,True,False,False,True
mata lebih besar sebelah,1,8,9,40,0.11109999999999999,0.2,1.33,2.05,True,False,False,True
cara menghilangkan pijar las,0,8,0,38,0.0,0.21050000000000002,0.0,2.95,True,False,False,True
cara mengobati sakit mata akibat las,5,8,37,36,0.1351,0.22219999999999998,1.51,1.22,True,False,True,True
mata seperti berlendir,3,8,15,33,0.2,0.24239999999999998,1.33,1.24,True,False,False,True
cara mengobati luka di kelopak mata bagian dalam,1,8,7,30,0.1429,0.2667,2.57,1.57,True,False,False,True
mengobati mata sakit karena las,0,8,0,23,0.0,0.3478,0.0,1.43,True,False,False,True
cara mengatasi mata perih setelah mengelas,5,8,58,20,0.0862,0.4,1.33,1.5,True,False,True,True
kenapa operasi katarak bisa gagal,4,8,23,18,0.1739,0.44439999999999996,3.22,1.5,True,False,True,True
dr aa ayu ratnawati,2,8,6,15,0.3333,0.5333,2.0,2.0,True,False,False,True
mata silinder adalah,1,7,26413,24210,0.0,0.0003,5.99,5.94,True,False,True,True
fungsi koroid pada mata,2,7,3784,9800,0.0005,0.0007000000000000001,6.0,7.5,True,False,False,True
mata gatal kenapa,0,7,0,4436,0.0,0.0016,0.0,12.85,True,False,False,True
arcus senilis,5,7,4183,3967,0.0012,0.0018,3.12,10.08,True,False,True,True
ciri ciri mata belekan,5,7,3332,3715,0.0015,0.0019,5.42,5.19,True,False,False,True
penyebab mata gatal,1,7,2005,3657,0.0005,0.0019,11.09,12.94,True,False,False,True
apa itu mata silinder,0,7,3180,3167,0.0,0.0022,5.3,3.72,True,False,True,True
